{
  "version": 1,
  "zoomMin": 0.1,
  "zoomMax": 512,
  "zoom": 10.722147505576219,
  "pixelX": 374,
  "pixelY": 833,
  "panX": -0.0812797536718842,
  "panY": -0.308573016164608
}
