{
  "version": 1,
  "zoomMin": 0.1,
  "zoomMax": 512,
  "zoom": 211.73766125445235,
  "pixelX": 374,
  "pixelY": 833,
  "panX": -0.08693420676699506,
  "panY": -0.22609229513422147
}
