{
  "version": 1,
  "zoomMin": 0.1,
  "zoomMax": 512,
  "zoom": 29.616292287917283,
  "pixelX": 374,
  "pixelY": 833,
  "panX": -0.18916227010359885,
  "panY": -0.28686138679208006
}
