{
  "version": 1,
  "mapSize": {
    "width": 1024,
    "height": 1024
  },
  "lights": [
    {
      "x": 398,
      "y": 561,
      "range": 41,
      "intensity": 1.38,
      "heightOffset": 5,
      "flicker": 0.7,
      "flickerSpeed": 0.5,
      "color": [
        1,
        0.6078431372549019,
        0.1843137254901961
      ]
    }
  ]
}
